company,account,assessment_folder,folder_id,folder_link,is_valid_assessment,has_report_json,has_snapshots,has_video,has_pdf,has_status_json,status,report_file_id,pdf_link,modified_time,file_count,file_names
Cherubini Group,Jane Caudle,Arranging Steel Plates - 4e4d1,1pxiqe9syDKVonMVIbgXIc6YGIG9xy-nd,https://drive.google.com/drive/folders/1pxiqe9syDKVonMVIbgXIc6YGIG9xy-nd,True,True,True,True,False,True,completed,1KzAxG6fJ9HliI_zOkirCw7fFRKoFnAfo,,2026-05-22T06:24:24.843Z,6,Arranging Steel Plates.docx; Arranging Steel Plates.MOV; Arranging_Steel_Plates_Vergo_Report.pdf; report.json; snapshots; status.json
Cherubini Group,Jane Caudle,Dismantling Chains - 64407,1IuuOEsmYVtYmmgBcpZer9a3ooJYxWbNb,https://drive.google.com/drive/folders/1IuuOEsmYVtYmmgBcpZer9a3ooJYxWbNb,True,True,True,True,False,True,completed,1MPPyg7A4ZCPkvB_p16FC8ByoKBRgRAxe,,2026-05-22T06:16:52.006Z,6,Dismantling Chains.docx; Dismantling Chains.MOV; Dismantling_Chains_Vergo_Report.pdf; report.json; snapshots; status.json
Cherubini Group,Jane Caudle,Flipping Steel Plates - 3589a,1OFTMOWCkhOu49uCr1Ce-9p-VRDgZgc6i,https://drive.google.com/drive/folders/1OFTMOWCkhOu49uCr1Ce-9p-VRDgZgc6i,True,True,True,True,False,True,completed,1i2W8xW8xFiQsz_eLhvyaIuYIrZEupzoa,,2026-05-22T06:42:58.737Z,6,Flipping Steel Plates.docx; Flipping Steel Plates.MOV; Flipping_Steel_Plates_Vergo_Report.pdf; report.json; snapshots; status.json
Cherubini Group,Jane Caudle,Grinding Steel - 9cba0,1_T4Qh1CEu2FYPt2Ae6IZRt9DblQlhZKi,https://drive.google.com/drive/folders/1_T4Qh1CEu2FYPt2Ae6IZRt9DblQlhZKi,True,True,True,True,False,True,completed,1LObxqC_sUc5ReClTk17xzp-e0kth0_tQ,,2026-05-22T06:37:05.639Z,6,Grinding Steel.docx; Grinding Steel.MOV; Grinding_Steel_Vergo_Report.pdf; report.json; snapshots; status.json
Cherubini Group,Jane Caudle,Pulling a Welding Machine - 6eccd,1syId2RYyGLSGL3gk9KJf20KvWqUOE_6y,https://drive.google.com/drive/folders/1syId2RYyGLSGL3gk9KJf20KvWqUOE_6y,True,True,True,True,False,True,completed,1qVFeCUXKCDaN9SEgX5qSNQyzFeqYNpsf,,2026-05-22T06:25:18.740Z,5,Pulling a Welding Machine.MOV; Pulling_a_Welding_Machine_Vergo_Report.pdf; report.json; snapshots; status.json
Cherubini Group,Jane Caudle,Sorting and marking paper - 86074,10HjkqF0fQ11NfRbZPlgySnP5RTHcyJXz,https://drive.google.com/drive/folders/10HjkqF0fQ11NfRbZPlgySnP5RTHcyJXz,True,True,True,True,False,True,completed,1y7Auu6i95CnPFITcVn3tkEUBgn4QwzUS,,2026-04-27T18:59:22.150Z,5,processed.mp4; report.json; snapshots; Sorting_and_marking_paper_Vergo_Report.pdf; status.json
Cherubini Group,Jane Caudle,Steel Bench Adjustment - 3f5c0,1hW6KpFFPUoxFRy69EjtQXSaqHY5ZJ1R6,https://drive.google.com/drive/folders/1hW6KpFFPUoxFRy69EjtQXSaqHY5ZJ1R6,True,True,True,True,False,True,completed,1bsKjVQnqvaR_dWNGNxOueC2SdYWyj__r,,2026-05-22T06:56:35.414Z,6,report.json; snapshots; status.json; Steel Bench Adjustment.docx; Steel Bench Adjustment.MOV; Steel_Bench_Adjustment_Vergo_Report.pdf
Cherubini Group,Jane Caudle,Strapping a Load - 9baac,1C_9rRireCMxp5uazm60K21dH3LkF6egL,https://drive.google.com/drive/folders/1C_9rRireCMxp5uazm60K21dH3LkF6egL,True,True,True,True,False,True,completed,1pm-RZWoC8m10nsOAmHt4qmaXiuqJvd2_,,2026-05-22T06:35:09.960Z,6,report.json; snapshots; status.json; Strapping a Load.docx; Strapping a Load.MOV; Strapping_a_Load_Vergo_Report.pdf
Cherubini Group,Jane Caudle,Sweeping Floor - 19947,12XHsI0tLcF1p9qPKhEQULG_C7p1euQig,https://drive.google.com/drive/folders/12XHsI0tLcF1p9qPKhEQULG_C7p1euQig,True,True,True,True,False,True,completed,1WQ-onjsb9Rd0r4oOo_jIU-cCRiwp-w4Z,,2026-05-22T06:18:37.322Z,6,report.json; snapshots; status.json; Sweeping Floor.docx; Sweeping Floor.MOV; Sweeping_Floor_Vergo_Report.pdf
Cherubini Group,Jane Caudle,Tack Welding - ff37a,1edEwCMFDkIBEYjF0OXQJrCcVQPvRTPQK,https://drive.google.com/drive/folders/1edEwCMFDkIBEYjF0OXQJrCcVQPvRTPQK,True,True,True,True,False,True,completed,1N5MmBCE8KSOeF8EeWthWY7UteVtZ_bM9,,2026-05-22T06:29:17.532Z,6,report.json; snapshots; status.json; Tack Welding.docx; Tack Welding.MOV; Tack_Welding_Vergo_Report.pdf
Cherubini Group,Jane Caudle,Using Magnet on Steel - 4b0aa,1KGX_iw3UvVTjq4bSKY8GhGq7fi9iatGT,https://drive.google.com/drive/folders/1KGX_iw3UvVTjq4bSKY8GhGq7fi9iatGT,True,True,True,True,False,True,completed,1Cn7QRA-MTQmNkIea8C-fxrISfucKJzeE,,2026-05-22T06:31:54.786Z,6,report.json; snapshots; status.json; Using Magnet on Steel.docx; Using Magnet on Steel.MOV; Using_Magnet_on_Steel_Vergo_Report.pdf
Cherubini Group,Jane Caudle,Using Magnet on Steel - b7687,1ca2cNt9w_o4QL-KaAula4S2M_hVf038W,https://drive.google.com/drive/folders/1ca2cNt9w_o4QL-KaAula4S2M_hVf038W,True,True,True,True,False,False,,,,2026-05-22T15:14:46.999Z,3,report.json; snapshots; Using Magnet on Steel.MOV
Cherubini Group,Jane Caudle,WIN_20260424_08_11_34_Pro - 330a4,1ZLSedIQQQw31lVHFD0htIFP59qB_Kpah,https://drive.google.com/drive/folders/1ZLSedIQQQw31lVHFD0htIFP59qB_Kpah,True,True,True,True,False,False,,,,2026-04-27T17:14:55.440Z,3,processed.mp4; report.json; snapshots
Cherubini Group,Jane Caudle,WIN_20260424_08_11_53_Pro - ed498,198VKDKo8krXrU146XZJM-U5t7b3SDHny,https://drive.google.com/drive/folders/198VKDKo8krXrU146XZJM-U5t7b3SDHny,True,True,True,True,False,False,,,,2026-04-27T17:13:26.111Z,3,processed.mp4; report.json; snapshots
Cherubini Group,Jane Caudle,WIN_20260424_08_12_13_Pro - cbb3a,1lAPYWaeBbKCsov28V08E_uJgIKCoch3_,https://drive.google.com/drive/folders/1lAPYWaeBbKCsov28V08E_uJgIKCoch3_,True,True,True,True,False,False,,,,2026-04-27T17:13:50.896Z,3,processed.mp4; report.json; snapshots
DEFAULT COMPANY,Kenil Patel,Cameco_Vergo_3 - 357a4,14mmiW4wjxWl62Ur-dE63AyGD5t30RXkN,https://drive.google.com/drive/folders/14mmiW4wjxWl62Ur-dE63AyGD5t30RXkN,True,True,True,True,False,False,,,,2026-05-18T04:40:50.954Z,3,Cameco_Vergo_3.mp4; report.json; snapshots
DEFAULT COMPANY,Kenil Patel,Cameco_Vergo_3 - b5ee8,1GUzrWHlaT3G9YG0O4xiIiICDXGKvy-mR,https://drive.google.com/drive/folders/1GUzrWHlaT3G9YG0O4xiIiICDXGKvy-mR,True,True,True,True,False,True,completed,1zrA5XBOKADemekQZ4C1WsfAqB-x71nsc,,2026-05-18T22:29:58.999Z,6,Cameco_Vergo_3.mp4; Cameco_Vergo_3_Vergo_Report.pdf; report.json; snapshots; status.json; task_context.txt
DEFAULT COMPANY,Kenil Patel,check1 - 404c8,1mJ_7HYh34v8ARgQ1w2t1MBLMEz2JBE4o,https://drive.google.com/drive/folders/1mJ_7HYh34v8ARgQ1w2t1MBLMEz2JBE4o,True,True,True,True,False,False,,,,2026-05-18T03:30:33.184Z,3,check1_TS_20260518-032951.mp4; report.json; snapshots
DEFAULT COMPANY,Kenil Patel,vergo_trim - 2863c,1lJKLg1c9lZCKbcvRhguTZlzhQvJ3u1Uu,https://drive.google.com/drive/folders/1lJKLg1c9lZCKbcvRhguTZlzhQvJ3u1Uu,True,True,True,True,False,False,,,,2026-05-18T04:20:00.165Z,3,report.json; snapshots; vergo_trim.mp4
EastCut,Trevor Felix,Eastcut - IMG_6397 - c4095,16bX5u_yG9ReyX1UcsyLxqUidopiWIiKY,https://drive.google.com/drive/folders/16bX5u_yG9ReyX1UcsyLxqUidopiWIiKY,True,True,True,True,False,False,,,,2026-05-27T06:48:14.993Z,3,Eastcut - IMG_6397 - c4095.mp4; report.json; snapshots
EastCut,Trevor Felix,Eastcut - IMG_6398 - cbbb9,18wU8AjeCeIRVic_PDjza0FAHQAUIlxEo,https://drive.google.com/drive/folders/18wU8AjeCeIRVic_PDjza0FAHQAUIlxEo,True,True,True,True,False,False,,,,2026-05-27T06:48:16.864Z,3,Eastcut - IMG_6398 - cbbb9.mp4; report.json; snapshots
EastCut,Trevor Felix,Eastcut - IMG_6401 - 178fa,15o9MkwlWz-y30xV9U-lMp6v_9hRQpXM9,https://drive.google.com/drive/folders/15o9MkwlWz-y30xV9U-lMp6v_9hRQpXM9,True,True,True,True,False,False,,,,2026-05-27T06:48:18.518Z,3,Eastcut - IMG_6401 - 178fa.mp4; report.json; snapshots
EastCut,Trevor Felix,Eastcut - IMG_6402 - f72b7,1SAuudKI8Uo2N19f25EdBaggbDxTWJj72,https://drive.google.com/drive/folders/1SAuudKI8Uo2N19f25EdBaggbDxTWJj72,True,True,True,True,False,False,,,,2026-05-27T06:48:22.468Z,3,Eastcut - IMG_6402 - f72b7.mp4; report.json; snapshots
EastCut,Trevor Felix,Eastcut - IMG_6403 - 69ef0,1hfZb2fIcTSQXmtCr09k4YLsdCzKe6WaA,https://drive.google.com/drive/folders/1hfZb2fIcTSQXmtCr09k4YLsdCzKe6WaA,True,True,True,True,False,False,,,,2026-05-27T06:48:20.524Z,3,Eastcut - IMG_6403 - 69ef0.mp4; report.json; snapshots
EastCut,Trevor Felix,Eastcut - IMG_6404 - 67f4e,1C1kJ7YkjWVgQ1r4C1y2-fOWuJZBMLJr_,https://drive.google.com/drive/folders/1C1kJ7YkjWVgQ1r4C1y2-fOWuJZBMLJr_,True,True,True,True,False,False,,,,2026-05-27T06:48:26.174Z,3,Eastcut - IMG_6404 - 67f4e.mp4; report.json; snapshots
EastCut,Trevor Felix,Eastcut - IMG_6405 - d7791,1ZE_c30qvG42eIWZQXdIKT4cdY2QUEvPY,https://drive.google.com/drive/folders/1ZE_c30qvG42eIWZQXdIKT4cdY2QUEvPY,True,True,True,True,False,False,,,,2026-05-27T06:48:24.373Z,3,Eastcut - IMG_6405 - d7791.mp4; report.json; snapshots
EastCut,Trevor Felix,Eastcut - IMG_6407 - 23bff,1hs2ruksA36S1vybTFy8JvJdlQKIILUHX,https://drive.google.com/drive/folders/1hs2ruksA36S1vybTFy8JvJdlQKIILUHX,True,True,True,True,False,False,,,,2026-05-27T06:48:29.984Z,3,Eastcut - IMG_6407 - 23bff.mp4; report.json; snapshots
EastCut,Trevor Felix,Eastcut - IMG_6408 - 5d5dc,1lrr9hBnmcrtsZcz6q4EvY3eIQixfd7Am,https://drive.google.com/drive/folders/1lrr9hBnmcrtsZcz6q4EvY3eIQixfd7Am,True,True,True,True,False,False,,,,2026-05-27T06:48:28.079Z,3,Eastcut - IMG_6408 - 5d5dc.mp4; report.json; snapshots
EastCut,Trevor Felix,Eastcut - IMG_6410 - 192a9,19qPltyTFWpK2WYe7pN9vxgs_0HFWtsTU,https://drive.google.com/drive/folders/19qPltyTFWpK2WYe7pN9vxgs_0HFWtsTU,True,True,True,True,False,False,,,,2026-05-27T06:48:33.347Z,3,Eastcut - IMG_6410 - 192a9.mp4; report.json; snapshots
EastCut,Trevor Felix,Eastcut - IMG_6411 - 8a4f3,174lAQAOUoPT4Yz1CBS4MV3jJOdO1dSdY,https://drive.google.com/drive/folders/174lAQAOUoPT4Yz1CBS4MV3jJOdO1dSdY,True,True,True,True,False,False,,,,2026-05-27T06:48:35.066Z,3,Eastcut - IMG_6411 - 8a4f3.mp4; report.json; snapshots
EastCut,Trevor Felix,Eastcut - IMG_6412 - 4dda7,1GZVHv40EnULvwom9pYhuNbq9bNegKjED,https://drive.google.com/drive/folders/1GZVHv40EnULvwom9pYhuNbq9bNegKjED,True,True,True,True,False,False,,,,2026-05-27T06:48:31.692Z,3,Eastcut - IMG_6412 - 4dda7.mp4; report.json; snapshots
EastCut,Trevor Felix,Eastcut - IMG_6413 - 90497,1fiOwuHL6m2YwR0TVqxQfAfORToKOxkgv,https://drive.google.com/drive/folders/1fiOwuHL6m2YwR0TVqxQfAfORToKOxkgv,True,True,True,True,False,False,,,,2026-05-27T06:48:36.748Z,3,Eastcut - IMG_6413 - 90497.mp4; report.json; snapshots
EastCut,Trevor Felix,Eastcut - IMG_6414 - d9177,1wwpySqaL9t8JIz9Ja95aOuwC3CEGzpSP,https://drive.google.com/drive/folders/1wwpySqaL9t8JIz9Ja95aOuwC3CEGzpSP,True,True,True,True,False,False,,,,2026-05-27T06:48:38.462Z,3,Eastcut - IMG_6414 - d9177.mp4; report.json; snapshots
EastCut,Trevor Felix,Eastcut - IMG_6415 - 263ba,17mcyhsTsOp5Tgy50x88sk9xZ2Ohdst07,https://drive.google.com/drive/folders/17mcyhsTsOp5Tgy50x88sk9xZ2Ohdst07,True,True,True,True,False,False,,,,2026-05-27T06:48:40.064Z,3,Eastcut - IMG_6415 - 263ba.mp4; report.json; snapshots
Mersey Seafoods,Matthew Duffy,IMG_2309 - 21fca,1X2eqi632J9O5E7SVBUUBBHWC2BkBgMzp,https://drive.google.com/drive/folders/1X2eqi632J9O5E7SVBUUBBHWC2BkBgMzp,True,True,True,True,False,True,completed,1spew4OK8Oglmf2zaDWP_WOhUQ6bPbT2u,,2026-05-20T17:35:35.848Z,5,IMG_2309 - 21fca.mov; IMG_2309_Vergo_Report.pdf; report.json; snapshots; status.json
Mersey Seafoods,Matthew Duffy,IMG_2315 - ac512,1H_FofaIe0ToE_yU75QHSedd5-lk8HFQN,https://drive.google.com/drive/folders/1H_FofaIe0ToE_yU75QHSedd5-lk8HFQN,True,True,True,True,False,True,completed,14hGdqAzRKO6zv_loAdRlixBEq1McTVfW,,2026-05-20T17:41:35.915Z,5,IMG_2315 - ac512.mov; IMG_2315_Vergo_Report.pdf; report.json; snapshots; status.json
Mersey Seafoods,Matthew Duffy,IMG_2316 - 772c7,1qgBGWwwN-l9aEAG8YDW0v_xnjrvQdMPk,https://drive.google.com/drive/folders/1qgBGWwwN-l9aEAG8YDW0v_xnjrvQdMPk,True,True,True,True,False,True,completed,1zde_Q_6naXNRVoL2g0ZfQRbeLYhoghE0,,2026-05-20T17:27:01.375Z,5,IMG_2316 - 772c7.mov; IMG_2316_Vergo_Report.pdf; report.json; snapshots; status.json
Mersey Seafoods,Matthew Duffy,IMG_2319 - 66679,16wiM21du3sKDH4n9aAEzxwxxtifOTOoD,https://drive.google.com/drive/folders/16wiM21du3sKDH4n9aAEzxwxxtifOTOoD,True,True,True,True,False,True,completed,1OVIRkbOpTvHtVhRJWTFUPX7zJUXPNN27,,2026-05-20T17:43:49.932Z,5,IMG_2319 - 66679.mov; IMG_2319_Vergo_Report.pdf; report.json; snapshots; status.json
Mersey Seafoods,Matthew Duffy,IMG_2323 - 4a649,19QXYO561yoA1LRTvi-zcjF5wblfFFoJM,https://drive.google.com/drive/folders/19QXYO561yoA1LRTvi-zcjF5wblfFFoJM,True,True,True,True,False,True,completed,1yGdCJmsb1vggRjEsBi344SbhfHluo0ju,,2026-05-20T17:24:16.624Z,5,IMG_2323 - 4a649.mov; IMG_2323_Vergo_Report.pdf; report.json; snapshots; status.json
Mersey Seafoods,Matthew Duffy,IMG_5418 - b3b8b,1ZBVtIRDYpIJgA6vt41t86vXxepog7v55,https://drive.google.com/drive/folders/1ZBVtIRDYpIJgA6vt41t86vXxepog7v55,True,True,True,True,False,True,completed,1XKQ510xa90Qa9b3Ng1mWxIm_iE_6GUOw,,2026-05-20T17:44:07.332Z,5,IMG_5418 - b3b8b.mov; IMG_5418_Vergo_Report.pdf; report.json; snapshots; status.json
Mersey Seafoods,Matthew Duffy,IMG_5484 - 88d87,1LEEn0GeKjqBlMcQ51xgpiyeFx9uy3MJ-,https://drive.google.com/drive/folders/1LEEn0GeKjqBlMcQ51xgpiyeFx9uy3MJ-,True,True,True,True,False,True,completed,1j6XjXpH7zb79CfvEJrnp0BCeE75FftY6,,2026-05-20T17:38:12.507Z,5,IMG_5484 - 88d87.mov; IMG_5484_Vergo_Report.pdf; report.json; snapshots; status.json
Mersey Seafoods,Matthew Duffy,IMG_5505 - 74a48,11YaEadJ8qXfR1MBpwT4a-vsUnPzrkwm9,https://drive.google.com/drive/folders/11YaEadJ8qXfR1MBpwT4a-vsUnPzrkwm9,True,True,True,True,False,True,completed,1By394XDFvIZePbWGSuFf1KEgD56wj61_,,2026-05-20T17:37:03.664Z,5,IMG_5505 - 74a48.mov; IMG_5505_Vergo_Report.pdf; report.json; snapshots; status.json
Mersey Seafoods,Matthew Duffy,IMG_5506 - 5f849,1E7hPhaOXRYLDDCWK5zebaRTFDsM4qvw_,https://drive.google.com/drive/folders/1E7hPhaOXRYLDDCWK5zebaRTFDsM4qvw_,True,True,True,True,False,True,completed,1WXQEEM1Mhdx93xdpwsA7bPKLBs6T-yFE,,2026-05-20T17:33:00.583Z,5,IMG_5506 - 5f849.mov; IMG_5506_Vergo_Report.pdf; report.json; snapshots; status.json
Mersey Seafoods,Matthew Duffy,IMG_5507 - f2efc,1jljWye7mha2cvqDPY8QzU8yuFHDKQSqf,https://drive.google.com/drive/folders/1jljWye7mha2cvqDPY8QzU8yuFHDKQSqf,True,True,True,True,False,True,completed,137gihdJGnZv2PbAT5Rmav2YNlQ2A1bbx,,2026-05-20T17:30:52.363Z,5,IMG_5507 - f2efc.mov; IMG_5507_Vergo_Report.pdf; report.json; snapshots; status.json
Mersey Seafoods,Matthew Duffy,IMG_5509 - ce9a1,1ghH4OHHP9M5znoCjqBCUVpwpgJ6-pPWM,https://drive.google.com/drive/folders/1ghH4OHHP9M5znoCjqBCUVpwpgJ6-pPWM,True,True,True,True,False,True,completed,1spGiToCR663ptzlD479hO4Hd2SLE6HT1,,2026-05-20T17:30:18.226Z,5,IMG_5509 - ce9a1.mov; IMG_5509_Vergo_Report.pdf; report.json; snapshots; status.json
Mersey Seafoods,Matthew Duffy,IMG_5524 - c91bf,1JqftYqu8mBI62ZoTVHkH9eJzNPXjtILD,https://drive.google.com/drive/folders/1JqftYqu8mBI62ZoTVHkH9eJzNPXjtILD,True,True,True,True,False,True,completed,1zFuMQHF8JWsF_9CFiuAhwjGmpRRA45jI,,2026-05-20T17:25:06.488Z,5,IMG_5524 - c91bf.mov; IMG_5524_Vergo_Report.pdf; report.json; snapshots; status.json
Mersey Seafoods,Matthew Duffy,Merseyseafoods_checkingbagseals_05132026 - 59505,1FcdDMeMF0gveJbQ2RuegD7YzyrDc6wjw,https://drive.google.com/drive/folders/1FcdDMeMF0gveJbQ2RuegD7YzyrDc6wjw,True,True,True,True,False,True,completed,1_HhVr34gYdOP0MlGrbJ3Nlt9HQEgg7k5,,2026-05-19T11:42:47.032Z,5,Merseyseafoods_checkingbagseals_05132026 - 59505.mov; Merseyseafoods_checkingbagseals_05132026_Vergo_Report.pdf; report.json; snapshots; status.json
Mersey Seafoods,Matthew Duffy,MerseySeafoods_CleaningProductionFloor_04282026 - f5e0a,1Y1fvCO7AmGITJK03zl_Pqtm40S3jh6CR,https://drive.google.com/drive/folders/1Y1fvCO7AmGITJK03zl_Pqtm40S3jh6CR,True,True,True,True,False,True,completed,1tT0FDu3O4-6dKD0vzrhCGk25s0H1Jv1I,,2026-05-05T14:13:52.180Z,5,MerseySeafoods_CleaningProductionFloor_04282026 - f5e0a.mp4; MerseySeafoods_CleaningProductionFloor_04282026_Vergo_Report.pdf; report.json; snapshots; status.json
Mersey Seafoods,Matthew Duffy,MerseySeafoods_CleaningScallopPieces_04282026 - 28268,1AMCblLMW9unOrHKSnKX90yOohy7LzRLH,https://drive.google.com/drive/folders/1AMCblLMW9unOrHKSnKX90yOohy7LzRLH,True,True,True,True,False,True,completed,163-_17rrDohMio_ODyCKWCFlZXcyjI2G,,2026-05-05T14:13:17.720Z,5,MerseySeafoods_CleaningScallopPieces_04282026 - 28268.mp4; MerseySeafoods_CleaningScallopPieces_04282026_Vergo_Report.pdf; report.json; snapshots; status.json
Mersey Seafoods,Matthew Duffy,Merseyseafoods_cuttingimperfection_05112025 - 71676,1xnk5N4qR5HkAYxyhMXiA9sdrUEDRAOuJ,https://drive.google.com/drive/folders/1xnk5N4qR5HkAYxyhMXiA9sdrUEDRAOuJ,True,True,True,True,False,True,completed,17y4vZ1xakPNZACV2t2e6b3Bp1auR32TJ,,2026-05-11T14:46:07.579Z,5,Merseyseafoods_cuttingimperfection_05112025 - 71676.mp4; Merseyseafoods_cuttingimperfection_05112025_Vergo_Report.pdf; report.json; snapshots; status.json
Mersey Seafoods,Matthew Duffy,Merseyseafoods_cuttingimperfections2_04282026 - 9fd61,1OgJfX1UP4sJ-5PI9JM3k0-MWRMWaeX_5,https://drive.google.com/drive/folders/1OgJfX1UP4sJ-5PI9JM3k0-MWRMWaeX_5,True,True,True,True,False,True,completed,1dINt4QfHwvs25JZe7fJPqYu58NEn_GC9,,2026-05-05T17:20:27.584Z,5,Merseyseafoods_cuttingimperfections2_04282026 - 9fd61.mp4; Merseyseafoods_cuttingimperfections2_04282026_Vergo_Report.pdf; report.json; snapshots; status.json
Mersey Seafoods,Matthew Duffy,MerseySeafoods_CuttingImperfections_04282026 - 3a986,1F1jX1IcjB3D4OPSII-tHaLGYuayYdVPL,https://drive.google.com/drive/folders/1F1jX1IcjB3D4OPSII-tHaLGYuayYdVPL,True,True,True,True,False,True,completed,1vRiz-WxHKSRPSRuEJrwgXYnBJdQdlzpg,,2026-05-05T14:16:52.160Z,5,MerseySeafoods_CuttingImperfections_04282026 - 3a986.mp4; MerseySeafoods_CuttingImperfections_04282026_Vergo_Report.pdf; report.json; snapshots; status.json
Mersey Seafoods,Matthew Duffy,Merseyseafoods_distributingscallopsintubs_05132026 - a4847,1DVQ8l_IJsz-bvRwkflyxEOf2bSP6e9on,https://drive.google.com/drive/folders/1DVQ8l_IJsz-bvRwkflyxEOf2bSP6e9on,True,True,True,True,False,True,completed,1OekiMHIWpp5rxAPuzvAM2qtzhMs536sC,,2026-05-19T11:09:39.445Z,5,Merseyseafoods_distributingscallopsintubs_05132026 - a4847.mov; Merseyseafoods_distributingscallopsintubs_05132026_Vergo_Report.pdf; report.json; snapshots; status.json
Mersey Seafoods,Matthew Duffy,Merseyseafoods_emptyingscallopbags_05112026 - 8d4dd,1jQi0poHPqY-YBxEbW6jDbtvJ4aL9pwYK,https://drive.google.com/drive/folders/1jQi0poHPqY-YBxEbW6jDbtvJ4aL9pwYK,True,True,True,True,False,True,completed,1xCCR1bnBjV13kKdWyDz1hsrKEuu8r3q_,,2026-05-11T14:42:09.044Z,5,Merseyseafoods_emptyingscallopbags_05112026 - 8d4dd.mp4; Merseyseafoods_emptyingscallopbags_05112026_Vergo_Report.pdf; report.json; snapshots; status.json
Mersey Seafoods,Matthew Duffy,Merseyseafoods_emptyingscallopbox_05132026 - adfcf,1NMRAPyroScrv19HeHKTusbYOLwv-8Kxz,https://drive.google.com/drive/folders/1NMRAPyroScrv19HeHKTusbYOLwv-8Kxz,True,True,True,True,False,True,completed,1NrAyRApsGJOpreknnLV5LF2hWlPs56wo,,2026-05-19T11:37:01.987Z,5,Merseyseafoods_emptyingscallopbox_05132026 - adfcf.mov; Merseyseafoods_emptyingscallopbox_05132026_Vergo_Report.pdf; report.json; snapshots; status.json
Mersey Seafoods,Matthew Duffy,MerseySeafoods_FeedingHopper_04282026 - 1f9ae,1KInrNHg_EWDTk1ZHw1lCakxrxz2C6S_4,https://drive.google.com/drive/folders/1KInrNHg_EWDTk1ZHw1lCakxrxz2C6S_4,True,True,True,True,False,True,completed,19X6FnBSvHOZ9kkgVC8DuhRuVV2XKWgVg,,2026-05-05T16:19:59.549Z,5,MerseySeafoods_FeedingHopper_04282026 - 1f9ae.mp4; MerseySeafoods_FeedingHopper_04282026_Vergo_Report.pdf; report.json; snapshots; status.json
Mersey Seafoods,Matthew Duffy,Merseyseafoods_feedingIQF_REBA_05112026 - dc7c4,13vXbyPCAIV3UpLlH_vEf4gNo3H_dnM7C,https://drive.google.com/drive/folders/13vXbyPCAIV3UpLlH_vEf4gNo3H_dnM7C,True,True,True,True,False,True,completed,1H-ohqDn6PuZCX8nnI3vuYYUr0QPdSgP0,,2026-05-11T14:57:37.801Z,5,Merseyseafoods_feedingIQF_REBA_05112026 - dc7c4.mp4; Merseyseafoods_feedingIQF_REBA_05112026_Vergo_Report.pdf; report.json; snapshots; status.json
Mersey Seafoods,Matthew Duffy,MerseySeafoods_feedingIQFmachine_05112036 - 1941b,1q8mzQ2XT3fjFx7GbcAJ4dKwxRSmhtJNc,https://drive.google.com/drive/folders/1q8mzQ2XT3fjFx7GbcAJ4dKwxRSmhtJNc,True,True,True,True,False,True,completed,1klZ00zZaa56dLzFaXjaPxW46oschKm8x,,2026-05-11T14:36:35.459Z,5,MerseySeafoods_feedingIQFmachine_05112036 - 1941b.mp4; MerseySeafoods_feedingIQFmachine_05112036_Vergo_Report.pdf; report.json; snapshots; status.json
Mersey Seafoods,Matthew Duffy,Merseyseafoods_labelling_palletizingproduct_05132026 - 48844,1kGwJldlIXHb4Y2MeP030rI3s-EcDXr2I,https://drive.google.com/drive/folders/1kGwJldlIXHb4Y2MeP030rI3s-EcDXr2I,True,True,True,True,False,True,completed,1h4xfQmAyiVOfev-343--I4J3aiXC6xr6,,2026-05-14T13:32:31.140Z,5,Merseyseafoods_labelling_palletizingproduct_05132026 - 48844.mp4; Merseyseafoods_labelling_palletizingproduct_05132026_Vergo_Report.pdf; report.json; snapshots; status.json
Mersey Seafoods,Matthew Duffy,Merseyseafoods_liftingandcuttingscallopbags_05112026 - 9834b,1zawXN2XVLlX9JTALSR67fB7k9ZFVuuGi,https://drive.google.com/drive/folders/1zawXN2XVLlX9JTALSR67fB7k9ZFVuuGi,True,True,True,True,False,True,completed,1Akxc42N7Hbj2TUHGKVuKjWlphxzWVuti,,2026-05-11T14:56:15.307Z,5,Merseyseafoods_liftingandcuttingscallopbags_05112026 - 9834b.mp4; Merseyseafoods_liftingandcuttingscallopbags_05112026_Vergo_Report.pdf; report.json; snapshots; status.json
Mersey Seafoods,Matthew Duffy,Merseyseafoods_loadingglazer2_05132026 - a9777,1KwPYUtdZw8zlRpwEdlxCb4emUAC9Khv2,https://drive.google.com/drive/folders/1KwPYUtdZw8zlRpwEdlxCb4emUAC9Khv2,True,True,True,True,False,True,completed,1l1apSh3KmdRO7kj3hxellZ3yKEPQPzJR,,2026-05-19T11:40:25.670Z,5,Merseyseafoods_loadingglazer2_05132026 - a9777.mov; Merseyseafoods_loadingglazer2_05132026_Vergo_Report.pdf; report.json; snapshots; status.json
Mersey Seafoods,Matthew Duffy,Merseyseafoods_loadingglazer3_05132026 - 213c4,1zaGLrXvHrM1lQ1iVLAJ5tQ0Oj48aIunh,https://drive.google.com/drive/folders/1zaGLrXvHrM1lQ1iVLAJ5tQ0Oj48aIunh,True,True,True,True,False,True,completed,19wzAZs-tnt3ZwshTBaJvb1yObJWnBv3v,,2026-05-19T11:45:18.351Z,5,Merseyseafoods_loadingglazer3_05132026 - 213c4.mov; Merseyseafoods_loadingglazer3_05132026_Vergo_Report.pdf; report.json; snapshots; status.json
Mersey Seafoods,Matthew Duffy,Merseyseafoods_loadingglazer_05132026 - a1256,1VPPSxsXCwIb8aopKizUrkAQ7j5DIYo8O,https://drive.google.com/drive/folders/1VPPSxsXCwIb8aopKizUrkAQ7j5DIYo8O,True,True,True,True,False,True,completed,1mCC3HFonvSZYu6PG-Xsx2n5KNOnbZplc,,2026-05-19T11:39:11.705Z,5,Merseyseafoods_loadingglazer_05132026 - a1256.mov; Merseyseafoods_loadingglazer_05132026_Vergo_Report.pdf; report.json; snapshots; status.json
Mersey Seafoods,Matthew Duffy,MerseySeafoods_PositioningScallopTubs_04282026 - 2483a,1sxVcMduD7p7nHHVw1KAa0MAM82Nq1LXr,https://drive.google.com/drive/folders/1sxVcMduD7p7nHHVw1KAa0MAM82Nq1LXr,True,True,True,True,False,True,completed,1X5y8ErNCGTUuviVDDzljSVPldxWezueD,,2026-05-05T16:18:53.617Z,5,MerseySeafoods_PositioningScallopTubs_04282026 - 2483a.mp4; MerseySeafoods_PositioningScallopTubs_04282026_Vergo_Report.pdf; report.json; snapshots; status.json
Mersey Seafoods,Matthew Duffy,Merseyseafoods_removingpenboards_05132026 - f77a4,1l6u-FjHTRdbzC2tQ5E5XXbFxeldPzS-3,https://drive.google.com/drive/folders/1l6u-FjHTRdbzC2tQ5E5XXbFxeldPzS-3,True,True,True,True,False,True,completed,1PnkmIpSRtRkQxkiB7NtBPwjYKIdqjdlH,,2026-05-14T13:27:53.702Z,5,Merseyseafoods_removingpenboards_05132026 - f77a4.mp4; Merseyseafoods_removingpenboards_05132026_Vergo_Report.pdf; report.json; snapshots; status.json
Mersey Seafoods,Matthew Duffy,Merseyseafoods_repackingscallops_05132026 - 2aaa2,1hlAt8zvX1jTyCNx9xQ8kZHVKR-oA2w2k,https://drive.google.com/drive/folders/1hlAt8zvX1jTyCNx9xQ8kZHVKR-oA2w2k,True,True,True,True,False,True,completed,1p8MK8RoojUOpaEDP3ROOcInAEMYY7w4f,,2026-05-19T11:11:00.289Z,5,Merseyseafoods_repackingscallops_05132026 - 2aaa2.mov; Merseyseafoods_repackingscallops_05132026_Vergo_Report.pdf; report.json; snapshots; status.json
Mersey Seafoods,Matthew Duffy,MerseySeafoods_rinsingscallops_05112026 - fbc52,125s5fTxsNI5ifmf0T5n6KxAIm6OBjlaF,https://drive.google.com/drive/folders/125s5fTxsNI5ifmf0T5n6KxAIm6OBjlaF,True,True,True,True,False,True,completed,167ogQe0rpDv87PUnfOxXHTZZ3qEObS_b,,2026-05-11T14:39:14.213Z,5,MerseySeafoods_rinsingscallops_05112026 - fbc52.mp4; MerseySeafoods_rinsingscallops_05112026_Vergo_Report.pdf; report.json; snapshots; status.json
Mersey Seafoods,Matthew Duffy,Merseyseafoods_scallopbagtransfer_05132026 - 1f320,1W5GIel5bsFRwSvwqzwHTPsVNCyUZiUPX,https://drive.google.com/drive/folders/1W5GIel5bsFRwSvwqzwHTPsVNCyUZiUPX,True,True,True,True,False,True,completed,1ERlBEhnpT1kNFTY6QLVxmha13BCNfZhZ,,2026-05-14T13:18:39.193Z,5,Merseyseafoods_scallopbagtransfer_05132026 - 1f320.mp4; Merseyseafoods_scallopbagtransfer_05132026_Vergo_Report.pdf; report.json; snapshots; status.json
Mersey Seafoods,Matthew Duffy,MerseySeafoods_ScallopGrading_04282026 - 87f8c,1JR436-28mhvGronl9ubIVG7DrEKG8ibH,https://drive.google.com/drive/folders/1JR436-28mhvGronl9ubIVG7DrEKG8ibH,True,True,True,True,False,True,completed,1WNLoVCJVlB2rmrRxmjBy3GvIU6o3u0wf,,2026-05-05T14:03:35.365Z,5,MerseySeafoods_ScallopGrading_04282026 - 87f8c.mp4; MerseySeafoods_ScallopGrading_04282026_Vergo_Report.pdf; report.json; snapshots; status.json
Mersey Seafoods,Matthew Duffy,Merseyseafoods_sortingscallops2_05112026 - 24aad,1dxxhMxhN2EWtTi7eV4JKICdLNnQn30Oc,https://drive.google.com/drive/folders/1dxxhMxhN2EWtTi7eV4JKICdLNnQn30Oc,True,True,True,True,False,True,completed,1UL8Jdnea4NOIW7_eVTFw98r8KW6KHzdD,,2026-05-11T14:51:46.255Z,5,Merseyseafoods_sortingscallops2_05112026 - 24aad.mp4; Merseyseafoods_sortingscallops2_05112026_Vergo_Report.pdf; report.json; snapshots; status.json
Mersey Seafoods,Matthew Duffy,Merseyseafoods_tapingboxes2_05132026 - da850,1unVEZsuyfBcV7c0eh7a8zXdrOSc9fRtm,https://drive.google.com/drive/folders/1unVEZsuyfBcV7c0eh7a8zXdrOSc9fRtm,True,True,True,True,False,True,completed,1C3XttJe1JlCPVfRPbEoSPOB1SHajr2pt,,2026-05-19T11:45:10.344Z,5,Merseyseafoods_tapingboxes2_05132026 - da850.mov; Merseyseafoods_tapingboxes2_05132026_Vergo_Report.pdf; report.json; snapshots; status.json
Mersey Seafoods,Matthew Duffy,Merseyseafoods_tappingboxes_05132026 - a1413,1ogzCIOxrl3L10KEmrFShPYI4KCvGyMKS,https://drive.google.com/drive/folders/1ogzCIOxrl3L10KEmrFShPYI4KCvGyMKS,True,True,True,True,False,True,completed,10rwKIsdjlf3z40Zxij-7Hl6EJ6Aa4eRy,,2026-05-19T11:06:54.158Z,5,Merseyseafoods_tappingboxes_05132026 - a1413.mov; Merseyseafoods_tappingboxes_05132026_Vergo_Report.pdf; report.json; snapshots; status.json
Mersey Seafoods,Matthew Duffy,Merseyseafoods_transferscallopbags_secondary_05132026 - 2d422,1wSVz6pFv4NEFHQ5zqEM_uA4wQnY6AzVP,https://drive.google.com/drive/folders/1wSVz6pFv4NEFHQ5zqEM_uA4wQnY6AzVP,True,True,True,True,False,True,completed,1MO5f3aRZfpLgH7xoI7Q6Wwi_N2k1YEtB,,2026-05-14T13:21:52.703Z,5,Merseyseafoods_transferscallopbags_secondary_05132026 - 2d422.mp4; Merseyseafoods_transferscallopbags_secondary_05132026_Vergo_Report.pdf; report.json; snapshots; status.json
Mersey Seafoods,Matthew Duffy,Merseyseafoods_transferscallopbags_third_05132026 - 625aa,1MkuTLnL322KV0UiO8rYb2jnCGOKjPuYO,https://drive.google.com/drive/folders/1MkuTLnL322KV0UiO8rYb2jnCGOKjPuYO,True,True,True,True,False,True,completed,1Xc3v7alSIeq_iY875yINsTLLVMj0l6Wh,,2026-05-14T13:23:33.738Z,5,Merseyseafoods_transferscallopbags_third_05132026 - 625aa.mp4; Merseyseafoods_transferscallopbags_third_05132026_Vergo_Report.pdf; report.json; snapshots; status.json
Mersey Seafoods,Matthew Duffy,Merseyseafoods_unloadingscallops_fishhold_05132026 - 0790a,13_3X_ualTExOx3K9P6L19P_s-A2-cNUD,https://drive.google.com/drive/folders/13_3X_ualTExOx3K9P6L19P_s-A2-cNUD,True,True,True,True,False,True,completed,1Dc8xM1ztipzNVdfH2elTa_-4xMcyZtJY,,2026-05-14T13:33:18.885Z,5,Merseyseafoods_unloadingscallops_fishhold_05132026 - 0790a.mp4; Merseyseafoods_unloadingscallops_fishhold_05132026_Vergo_Report.pdf; report.json; snapshots; status.json
Mersey Seafoods,Matthew Duffy,Merseyseafoods_unloadingscallops_fishhold_05132026 - dac94,13euLEpdzDlAAheVibfY_PzRNk-7JFEcc,https://drive.google.com/drive/folders/13euLEpdzDlAAheVibfY_PzRNk-7JFEcc,True,True,True,True,False,True,completed,1tFedbuWav2PJFWDYAJds-RXBgMpz3Oes,,2026-05-14T13:26:56.527Z,5,Merseyseafoods_unloadingscallops_fishhold_05132026 - dac94.mp4; Merseyseafoods_unloadingscallops_fishhold_05132026_Vergo_Report.pdf; report.json; snapshots; status.json
Shannex,Amanda  Whalen,Cedarstone_Cardboard Recycling_2026-03-25 - 4318b,1Z1HDl6aGl1HN3z2j2v8SOCwdO7mzuNRX,https://drive.google.com/drive/folders/1Z1HDl6aGl1HN3z2j2v8SOCwdO7mzuNRX,True,True,True,True,False,False,,,,2026-04-27T06:24:46.595Z,4,Cedarstone_Cardboard Recycling_2026-03-25.docx; Cedarstone_Cardboard Recycling_2026-03-25.mp4; report.json; snapshots
Shannex,Amanda  Whalen,Cedarstone_Housekeeping cleaning bathroom_2026-03-25 - 35301,1ild1ALJHLmRm4Dn2SB9jWqk0OlMblqa5,https://drive.google.com/drive/folders/1ild1ALJHLmRm4Dn2SB9jWqk0OlMblqa5,True,True,True,True,False,False,,,,2026-04-27T06:53:15.066Z,4,Cedarstone_Housekeeping cleaning bathroom_2026-03-25.docx; Cedarstone_Housekeeping cleaning bathroom_2026-03-25.mp4; report.json; snapshots
Shannex,Amanda  Whalen,Cedarstone_Housekeeping cleaning toilet_2026-03-25 - a6b00,1XBBQLY5VMhiHlhWDtCaRshqpLhPKpavm,https://drive.google.com/drive/folders/1XBBQLY5VMhiHlhWDtCaRshqpLhPKpavm,True,True,True,True,False,False,,,,2026-04-27T06:54:52.126Z,4,Cedarstone_Housekeeping cleaning toilet_2026-03-25.docx; Cedarstone_Housekeeping cleaning toilet_2026-03-25.mp4; report.json; snapshots
Shannex,Amanda  Whalen,Cedarstone_Housekeeping garbage disposal_2026-03-25 - de994,1KcaL7xkdT6A0cfKwsRFJRc3DcY8aAXg_,https://drive.google.com/drive/folders/1KcaL7xkdT6A0cfKwsRFJRc3DcY8aAXg_,True,True,True,True,False,False,,,,2026-04-27T06:23:07.532Z,3,processed.mp4; report.json; snapshots
Shannex,Amanda  Whalen,Cedarstone_Housekeeping mopping floor_2026-03-25 - cd015,1lfw1C68MrZb7B5S5BikYbiDpksJEHM0J,https://drive.google.com/drive/folders/1lfw1C68MrZb7B5S5BikYbiDpksJEHM0J,True,True,True,True,False,False,,,,2026-04-27T05:59:16.076Z,4,Cedarstone_Housekeeping mopping floor_2026-03-25.docx; processed.mp4; report.json; snapshots
Shannex,Amanda  Whalen,Cedarstone_Housekeeping pushing diaper can_2026-03-25 - 9751e,1tTLfv5yRVse5GUgHTo4gRUQhDqRmjOrl,https://drive.google.com/drive/folders/1tTLfv5yRVse5GUgHTo4gRUQhDqRmjOrl,True,True,True,True,False,False,,,,2026-04-27T06:19:26.184Z,4,Cedarstone_Housekeeping pushing diaper can_2026-03-25.docx; processed.mp4; report.json; snapshots
Shannex,Amanda  Whalen,Cedarstone_Housekeeping removing waste from housekeeping cart_2026-03-25 - cd60f,1xH-lATRIJjN8DD7eELNZuWkAtPMnLGKx,https://drive.google.com/drive/folders/1xH-lATRIJjN8DD7eELNZuWkAtPMnLGKx,True,True,True,True,False,False,,,,2026-04-27T06:09:35.190Z,4,Cedarstone_Housekeeping removing waste from housekeeping cart_2026-03-25.docx; processed.mp4; report.json; snapshots
Shannex,Amanda  Whalen,Cedarstone_maintenance changing lightbulbs_2026-03-25 - 20a1c,1gt1PZz0oScoNadvDdSy3x--THMhwK4C8,https://drive.google.com/drive/folders/1gt1PZz0oScoNadvDdSy3x--THMhwK4C8,True,True,True,True,False,False,,,,2026-04-27T06:06:12.795Z,4,Cedarstone_maintenance changing lightbulbs_2026-03-25.docx; processed.mp4; report.json; snapshots
Shannex,Amanda  Whalen,Cedarstone_maintenance dolly use_2026-03-25 - 90def,1G4xRIKeRTjeanFSZ9o4OKMFMiHGY7THF,https://drive.google.com/drive/folders/1G4xRIKeRTjeanFSZ9o4OKMFMiHGY7THF,True,True,True,True,False,False,,,,2026-04-27T06:16:01.007Z,4,Cedarstone_maintenance dolly use_2026-03-25.docx; processed.mp4; report.json; snapshots
Shannex,Amanda  Whalen,Cedarstone_maintenance painting low_2026-03-25 - e50e0,1rYjj87f5Q6MO58svRu_C1Rg66zEXXD_8,https://drive.google.com/drive/folders/1rYjj87f5Q6MO58svRu_C1Rg66zEXXD_8,True,True,True,True,False,False,,,,2026-04-27T06:19:27.864Z,4,Cedarstone_maintenance painting low_2026-03-25.docx; processed.mp4; report.json; snapshots
Shannex,Amanda  Whalen,Cedarstone_maintenance pushing utility cart empty up ramp_2026-03-25 - 9be1a,1Vu9oZaukwRt3ExcULWlBfqQByeJQ7Oi4,https://drive.google.com/drive/folders/1Vu9oZaukwRt3ExcULWlBfqQByeJQ7Oi4,True,True,True,True,False,False,,,,2026-04-27T06:15:48.000Z,4,Cedarstone_maintenance pushing utility cart empty up ramp_2026-03-25.docx; processed.mp4; report.json; snapshots
Shannex,Amanda  Whalen,Cedarstone_maintenance repairs low_2026-03-25 - f0b8c,1JGFbZE0CD6j_zxyPub0316fUzvMyQ90V,https://drive.google.com/drive/folders/1JGFbZE0CD6j_zxyPub0316fUzvMyQ90V,True,True,True,True,False,False,,,,2026-04-27T05:54:41.325Z,4,Cedarstone_maintenance repairs low_2026-03-25.docx; processed.mp4; report.json; snapshots
Shannex,Amanda  Whalen,Cedarstone_maintenancepainting_2026-03-25 - 4fb5e,1Kdm2QRmVAxzgTRwpXW-me6zygo-R0OHy,https://drive.google.com/drive/folders/1Kdm2QRmVAxzgTRwpXW-me6zygo-R0OHy,True,True,True,True,False,False,,,,2026-04-27T06:01:28.979Z,4,Cedarstone_maintenancepainting_2026-03-25.docx; processed.mp4; report.json; snapshots
Shannex,Amanda  Whalen,Cedarstone_Maitenance utility cart empty down ramp_2026-03-25 - 193b4,1eKp8mo8CimIF_j7in8-JVn39dRGChHY-,https://drive.google.com/drive/folders/1eKp8mo8CimIF_j7in8-JVn39dRGChHY-,True,True,True,True,False,False,,,,2026-04-27T06:06:14.866Z,4,Cedarstone_Maitenance utility cart empty down ramp_2026-03-25.docx; processed.mp4; report.json; snapshots
Shannex,Amanda  Whalen,Cedarstone_Maitenance utility cart use_2026-03-25 - 93385,1t3ud9SJ-DOypPDFpVdAkQfo1jTqRE75e,https://drive.google.com/drive/folders/1t3ud9SJ-DOypPDFpVdAkQfo1jTqRE75e,True,True,True,True,False,False,,,,2026-04-27T06:22:30.168Z,4,Cedarstone_Maitenance utility cart use_2026-03-25.docx; processed.mp4; report.json; snapshots
Shannex,Amanda  Whalen,Cedarstone_pushing housekeeping cart_2026-03-25 - bb043,18XjYO_cCFUzTh5S2PMHNqLzgOrHsQv5m,https://drive.google.com/drive/folders/18XjYO_cCFUzTh5S2PMHNqLzgOrHsQv5m,True,True,True,True,False,False,,,,2026-04-27T05:57:57.020Z,4,Cedarstone_pushing housekeeping cart_2026-03-25.docx; processed.mp4; report.json; snapshots
Shannex,Amanda  Whalen,Cedarstone_Working overhead elevated position_2026-03-25 - 1c855,1gN0zCnb3jmmZMSUwkM1_-DMKzd8GbSgP,https://drive.google.com/drive/folders/1gN0zCnb3jmmZMSUwkM1_-DMKzd8GbSgP,True,True,True,True,False,False,,,,2026-04-27T06:02:20.851Z,4,Cedarstone_Working overhead elevated position_2026-03-25.docx; processed.mp4; report.json; snapshots
Shaw Brick,Graham Dean,Keddy Change Cutting Edge - 818bd,1ba8SWHj744en6XfNmyAMzE1MzXPAsMMs,https://drive.google.com/drive/folders/1ba8SWHj744en6XfNmyAMzE1MzXPAsMMs,True,True,True,True,False,False,,,,2026-04-27T17:48:48.511Z,3,processed.mp4; report.json; snapshots
Shaw Brick,Graham Dean,Keddy Split Sand Sample Method 1 - f0244,1_uvuY2psPw6cBLJzCzbnr9U0fg5uhjEr,https://drive.google.com/drive/folders/1_uvuY2psPw6cBLJzCzbnr9U0fg5uhjEr,True,True,True,True,False,False,,,,2026-04-27T17:51:00.776Z,3,processed.mp4; report.json; snapshots
Shaw Brick,Graham Dean,Precast Manhole Gasket - 4e44a,1XbqYN2LFZVtTjWrokZn87vSf7F_74kPc,https://drive.google.com/drive/folders/1XbqYN2LFZVtTjWrokZn87vSf7F_74kPc,True,True,True,True,False,False,,,,2026-04-29T17:04:35.798Z,3,processed.mp4; report.json; snapshots
Shaw Brick,Graham Dean,Precast Rebar Sort for Form - 23d9a,1sukUNNxc1CQqx2praDhXRxT28drHq8Dp,https://drive.google.com/drive/folders/1sukUNNxc1CQqx2praDhXRxT28drHq8Dp,True,True,True,True,True,True,completed,1QI6zgJjz4jwOGyzvyUkBEuPSWvESGMv8,https://drive.google.com/file/d/1QI6zgJjz4jwOGyzvyUkBEuPSWvESGMv8/view?usp=drivesdk,2026-04-30T10:58:04.600Z,5,processed.mp4; report.json; snapshots; status.json; vergo_report.pdf
Shaw Brick,Graham Dean,Precast WireTie Rebar for Form - 3ee39,1_BkaWfHxxWaXHSO5gqjmkIOAmFbh0ywk,https://drive.google.com/drive/folders/1_BkaWfHxxWaXHSO5gqjmkIOAmFbh0ywk,True,True,True,True,True,True,completed,1C_egv2gNU025dXwQUVWA-TsEDF4XC6RT,https://drive.google.com/file/d/1C_egv2gNU025dXwQUVWA-TsEDF4XC6RT/view?usp=drivesdk,2026-04-30T10:59:44.814Z,5,processed.mp4; report.json; snapshots; status.json; vergo_report.pdf
Shaw Brick,Graham Dean,VenRez Hang Chair Frames - 4d494,1-cBho9x4yFFyKgld2z6ITXsZMwZdq2Lb,https://drive.google.com/drive/folders/1-cBho9x4yFFyKgld2z6ITXsZMwZdq2Lb,True,True,True,True,True,True,completed,1h5_72ovYWIYtlmaY-S1hPDxhxx0MzCBM,https://drive.google.com/file/d/1h5_72ovYWIYtlmaY-S1hPDxhxx0MzCBM/view?usp=drivesdk,2026-04-28T18:00:27.072Z,5,processed.mp4; report.json; snapshots; status.json; vergo_report.pdf
Shaw Brick,Graham Dean,VenRez Jig Leg Loading - f6746,1sagrU2_wuhssE92dURj6oRxxl1JA6LgT,https://drive.google.com/drive/folders/1sagrU2_wuhssE92dURj6oRxxl1JA6LgT,True,True,True,True,True,True,completed,1SP-xv2rvloIL8kDo8LmjzmW24KF3d6eg,https://drive.google.com/file/d/1SP-xv2rvloIL8kDo8LmjzmW24KF3d6eg/view?usp=drivesdk,2026-04-28T17:58:54.619Z,5,processed.mp4; report.json; snapshots; status.json; vergo_report.pdf
Shaw Brick,Graham Dean,VenRez Lift Assist Counter Top Feed - ae484,1DXluwujynjRqyAxaFibLcYY8Met114mf,https://drive.google.com/drive/folders/1DXluwujynjRqyAxaFibLcYY8Met114mf,True,True,True,True,False,True,completed,1YeFIUN9mNCbLLATiMynHJFtetz7F6INS,,2026-04-28T17:58:17.140Z,5,processed.mp4; report.json; snapshots; status.json; VenRez_Lift_Assist_Counter_Top_Feed_Vergo_Report.pdf
Vergo,Kenil Manager,check1 - b3b4f,1-1twwl_Ud02Sr94aX-rHOqabTjhUGwvE,https://drive.google.com/drive/folders/1-1twwl_Ud02Sr94aX-rHOqabTjhUGwvE,True,True,True,True,False,False,,,,2026-04-27T05:25:54.409Z,3,processed.mp4; report.json; snapshots
Vergo,Kenil Manager,check2 - 15a1b,1eRWKpYY_jWFigIV2YNjL4qMhB64_aZV1,https://drive.google.com/drive/folders/1eRWKpYY_jWFigIV2YNjL4qMhB64_aZV1,True,True,True,True,False,False,,,,2026-04-27T05:27:19.343Z,3,processed.mp4; report.json; snapshots
Vergo,Kenil Manager,test drive 2 - e8cac3a2-30fc-4252-ab90-e2c8deda9a45,1VM0oyznspEtM19VDqsvq5HHLVW3Lg5Zn,https://drive.google.com/drive/folders/1VM0oyznspEtM19VDqsvq5HHLVW3Lg5Zn,True,True,True,True,False,False,,,,2026-04-27T05:28:01.520Z,3,processed.mp4; report.json; snapshots
