folder_id,success,returncode,company,site,assessment_date,method,assessor,weak_metadata,started_at,error_tail
1X2eqi632J9O5E7SVBUUBBHWC2BkBgMzp,True,0,Mersey Seafoods,IMG_2309 - 21fca,Not specified,REBA (Rapid Entire Body Assessment),Vergo Ergonomics Team,assessment_date,2026-05-26T21:31:59,
1H_FofaIe0ToE_yU75QHSedd5-lk8HFQN,True,0,Mersey Seafoods,IMG_2315 - ac512,Not specified,REBA (Rapid Entire Body Assessment),Vergo Ergonomics Team,assessment_date,2026-05-26T21:32:58,
1qgBGWwwN-l9aEAG8YDW0v_xnjrvQdMPk,True,0,Mersey Seafoods,IMG_2316 - 772c7,Not specified,REBA (Rapid Entire Body Assessment),Vergo Ergonomics Team,assessment_date,2026-05-26T21:33:31,
16wiM21du3sKDH4n9aAEzxwxxtifOTOoD,True,0,Mersey Seafoods,IMG_2319 - 66679,Not specified,REBA (Rapid Entire Body Assessment),Vergo Ergonomics Team,assessment_date,2026-05-26T21:34:04,
19QXYO561yoA1LRTvi-zcjF5wblfFFoJM,True,0,Mersey Seafoods,IMG_2323 - 4a649,Not specified,REBA (Rapid Entire Body Assessment),Vergo Ergonomics Team,assessment_date,2026-05-26T21:34:47,
1ZBVtIRDYpIJgA6vt41t86vXxepog7v55,True,0,Mersey Seafoods,IMG_5418 - b3b8b,Not specified,REBA (Rapid Entire Body Assessment),Vergo Ergonomics Team,assessment_date,2026-05-26T21:35:17,
1LEEn0GeKjqBlMcQ51xgpiyeFx9uy3MJ-,True,0,Mersey Seafoods,IMG_5484 - 88d87,Not specified,REBA (Rapid Entire Body Assessment),Vergo Ergonomics Team,assessment_date,2026-05-26T21:35:51,
11YaEadJ8qXfR1MBpwT4a-vsUnPzrkwm9,True,0,Mersey Seafoods,IMG_5505 - 74a48,Not specified,REBA (Rapid Entire Body Assessment),Vergo Ergonomics Team,assessment_date,2026-05-26T21:36:19,
1E7hPhaOXRYLDDCWK5zebaRTFDsM4qvw_,True,0,Mersey Seafoods,IMG_5506 - 5f849,Not specified,REBA (Rapid Entire Body Assessment),Vergo Ergonomics Team,assessment_date,2026-05-26T21:36:47,
1jljWye7mha2cvqDPY8QzU8yuFHDKQSqf,True,0,Mersey Seafoods,IMG_5507 - f2efc,Not specified,REBA (Rapid Entire Body Assessment),Vergo Ergonomics Team,assessment_date,2026-05-26T21:37:23,
1ghH4OHHP9M5znoCjqBCUVpwpgJ6-pPWM,True,0,Mersey Seafoods,IMG_5509 - ce9a1,Not specified,REBA (Rapid Entire Body Assessment),Vergo Ergonomics Team,assessment_date,2026-05-26T21:37:52,
1JqftYqu8mBI62ZoTVHkH9eJzNPXjtILD,True,0,Mersey Seafoods,IMG_5524 - c91bf,Not specified,REBA (Rapid Entire Body Assessment),Vergo Ergonomics Team,assessment_date,2026-05-26T21:38:18,
1FcdDMeMF0gveJbQ2RuegD7YzyrDc6wjw,True,0,Mersey Seafoods,Merseyseafoods_checkingbagseals_05132026 - 59505,2026-05-13,RULA (Rapid Upper Limb Assessment),Vergo Ergonomics Team,,2026-05-26T21:38:48,
1Y1fvCO7AmGITJK03zl_Pqtm40S3jh6CR,True,0,Mersey Seafoods,MerseySeafoods_CleaningProductionFloor_04282026 - f5e0a,2026-04-28,RULA (Rapid Upper Limb Assessment),Vergo Ergonomics Team,,2026-05-26T21:39:20,
1AMCblLMW9unOrHKSnKX90yOohy7LzRLH,True,0,Mersey Seafoods,MerseySeafoods_CleaningScallopPieces_04282026 - 28268,2026-04-28,RULA (Rapid Upper Limb Assessment),Vergo Ergonomics Team,,2026-05-26T21:39:47,
1xnk5N4qR5HkAYxyhMXiA9sdrUEDRAOuJ,True,0,Mersey Seafoods,Merseyseafoods_cuttingimperfection_05112025 - 71676,2025-05-11,RULA (Rapid Upper Limb Assessment),Vergo Ergonomics Team,,2026-05-26T21:40:16,
1OgJfX1UP4sJ-5PI9JM3k0-MWRMWaeX_5,True,0,Mersey Seafoods,Merseyseafoods_cuttingimperfections2_04282026 - 9fd61,Not specified,RULA (Rapid Upper Limb Assessment),Vergo Ergonomics Team,assessment_date,2026-05-26T21:40:43,
1F1jX1IcjB3D4OPSII-tHaLGYuayYdVPL,True,0,Mersey Seafoods,MerseySeafoods_CuttingImperfections_04282026 - 3a986,Not specified,RULA (Rapid Upper Limb Assessment),Vergo Ergonomics Team,assessment_date,2026-05-26T21:41:11,
1DVQ8l_IJsz-bvRwkflyxEOf2bSP6e9on,True,0,Mersey Seafoods,Merseyseafoods_distributingscallopsintubs_05132026 - a4847,2026-05-13,RULA (Rapid Upper Limb Assessment),Vergo Ergonomics Team,,2026-05-26T21:41:37,
1jQi0poHPqY-YBxEbW6jDbtvJ4aL9pwYK,True,0,Mersey Seafoods,Merseyseafoods_emptyingscallopbags_05112026 - 8d4dd,05/11/2026,REBA (Rapid Entire Body Assessment),Vergo Ergonomics Team,,2026-05-26T21:42:05,
1NMRAPyroScrv19HeHKTusbYOLwv-8Kxz,True,0,Mersey Seafoods,Merseyseafoods_emptyingscallopbox_05132026 - adfcf,Not specified,RULA (Rapid Upper Limb Assessment),Vergo Ergonomics Team,assessment_date,2026-05-26T21:42:37,
1KInrNHg_EWDTk1ZHw1lCakxrxz2C6S_4,True,0,Mersey Seafoods,MerseySeafoods_FeedingHopper_04282026 - 1f9ae,2026-04-28,RULA (Rapid Upper Limb Assessment),Vergo Ergonomics Team,,2026-05-26T21:43:08,
13vXbyPCAIV3UpLlH_vEf4gNo3H_dnM7C,True,0,Mersey Seafoods,Merseyseafoods_feedingIQF_REBA_05112026 - dc7c4,2026-05-11,REBA (Rapid Entire Body Assessment),Vergo Ergonomics Team,,2026-05-26T21:43:37,
1q8mzQ2XT3fjFx7GbcAJ4dKwxRSmhtJNc,True,0,Mersey Seafoods,MerseySeafoods_feedingIQFmachine_05112036 - 1941b,Not specified,RULA (Rapid Upper Limb Assessment),Vergo Ergonomics Team,assessment_date,2026-05-26T21:44:05,
1kGwJldlIXHb4Y2MeP030rI3s-EcDXr2I,True,0,Mersey Seafoods,Merseyseafoods_labelling_palletizingproduct_05132026 - 48844,2026-05-13,RULA (Rapid Upper Limb Assessment),Vergo Ergonomics Team,,2026-05-26T21:44:35,
1zawXN2XVLlX9JTALSR67fB7k9ZFVuuGi,True,0,Mersey Seafoods,Merseyseafoods_liftingandcuttingscallopbags_05112026 - 9834b,Not specified,RULA (Rapid Upper Limb Assessment),Vergo Ergonomics Team,assessment_date,2026-05-26T21:45:03,
1KwPYUtdZw8zlRpwEdlxCb4emUAC9Khv2,True,0,Mersey Seafoods,Merseyseafoods_loadingglazer2_05132026 - a9777,2026-05-13,RULA (Rapid Upper Limb Assessment),Vergo Ergonomics Team,,2026-05-26T21:45:33,
1zaGLrXvHrM1lQ1iVLAJ5tQ0Oj48aIunh,True,0,Mersey Seafoods,Merseyseafoods_loadingglazer3_05132026 - 213c4,2026-05-13,RULA (Rapid Upper Limb Assessment),Vergo Ergonomics Team,,2026-05-26T21:46:02,
1VPPSxsXCwIb8aopKizUrkAQ7j5DIYo8O,True,0,Mersey Seafoods,Merseyseafoods_loadingglazer_05132026 - a1256,2026-05-13,RULA (Rapid Upper Limb Assessment),Vergo Ergonomics Team,,2026-05-26T21:46:34,
1sxVcMduD7p7nHHVw1KAa0MAM82Nq1LXr,True,0,Mersey Seafoods,MerseySeafoods_PositioningScallopTubs_04282026 - 2483a,2026-04-28,RULA (Rapid Upper Limb Assessment),Vergo Ergonomics Team,,2026-05-26T21:47:01,
1l6u-FjHTRdbzC2tQ5E5XXbFxeldPzS-3,True,0,Mersey Seafoods,Merseyseafoods_removingpenboards_05132026 - f77a4,2026-05-13,RULA (Rapid Upper Limb Assessment),Vergo Ergonomics Team,,2026-05-26T21:47:31,
1hlAt8zvX1jTyCNx9xQ8kZHVKR-oA2w2k,True,0,Mersey Seafoods,Merseyseafoods_repackingscallops_05132026 - 2aaa2,2026-05-13,RULA (Rapid Upper Limb Assessment),Vergo Ergonomics Team,,2026-05-26T21:48:00,
125s5fTxsNI5ifmf0T5n6KxAIm6OBjlaF,True,0,Mersey Seafoods,MerseySeafoods_rinsingscallops_05112026 - fbc52,2026-05-11,RULA (Rapid Upper Limb Assessment),Vergo Ergonomics Team,,2026-05-26T21:48:32,
1W5GIel5bsFRwSvwqzwHTPsVNCyUZiUPX,True,0,Mersey Seafoods,Merseyseafoods_scallopbagtransfer_05132026 - 1f320,2026-05-13,RULA (Rapid Upper Limb Assessment),Vergo Ergonomics Team,,2026-05-26T21:49:07,
1JR436-28mhvGronl9ubIVG7DrEKG8ibH,True,0,Mersey Seafoods,MerseySeafoods_ScallopGrading_04282026 - 87f8c,2026-04-28,RULA (Rapid Upper Limb Assessment),Vergo Ergonomics Team,,2026-05-26T21:49:34,
1dxxhMxhN2EWtTi7eV4JKICdLNnQn30Oc,True,0,Mersey Seafoods,Merseyseafoods_sortingscallops2_05112026 - 24aad,Not specified,RULA (Rapid Upper Limb Assessment),Vergo Ergonomics Team,assessment_date,2026-05-26T21:50:20,
1unVEZsuyfBcV7c0eh7a8zXdrOSc9fRtm,True,0,Mersey Seafoods,Merseyseafoods_tapingboxes2_05132026 - da850,2026-05-13,RULA (Rapid Upper Limb Assessment),Vergo Ergonomics Team,,2026-05-26T21:50:49,
1ogzCIOxrl3L10KEmrFShPYI4KCvGyMKS,True,0,Mersey Seafoods,Merseyseafoods_tappingboxes_05132026 - a1413,2026-05-13,RULA (Rapid Upper Limb Assessment),Vergo Ergonomics Team,,2026-05-26T21:51:18,
1wSVz6pFv4NEFHQ5zqEM_uA4wQnY6AzVP,True,0,Mersey Seafoods,Merseyseafoods_transferscallopbags_secondary_05132026 - 2d422,2026-05-13,RULA (Rapid Upper Limb Assessment),Vergo Ergonomics Team,,2026-05-26T21:51:51,
1MkuTLnL322KV0UiO8rYb2jnCGOKjPuYO,True,0,Mersey Seafoods,Merseyseafoods_transferscallopbags_third_05132026 - 625aa,2026-05-13,RULA (Rapid Upper Limb Assessment),Vergo Ergonomics Team,,2026-05-26T21:52:18,
13_3X_ualTExOx3K9P6L19P_s-A2-cNUD,True,0,Mersey Seafoods,Merseyseafoods_unloadingscallops_fishhold_05132026 - 0790a,Not specified,RULA (Rapid Upper Limb Assessment),Vergo Ergonomics Team,assessment_date,2026-05-26T21:52:48,
13euLEpdzDlAAheVibfY_PzRNk-7JFEcc,True,0,Mersey Seafoods,Merseyseafoods_unloadingscallops_fishhold_05132026 - dac94,Not specified,RULA (Rapid Upper Limb Assessment),Vergo Ergonomics Team,assessment_date,2026-05-26T21:53:25,
